year,total_challans,disposed_challans,pending_challans,total_fine,collected_fine,pending_fine,total_court_cases,disposed_court_cases,pending_court_cases,challan_disposal_rate,fine_collection_rate,court_disposal_rate
2015,112492,14952,97540,274505013,55412297,219092716,72621,2411,70210,13.29161185,20.1862605,3.319976315
2016,404445,42776,361669,442931780,102563933,340367847,281267,9608,271659,10.57646899,23.15569522,3.415971301
2017,593048,289394,303654,1757967913,1173680480,584287433,261077,36764,224313,48.79773644,66.76347568,14.08166939
2018,4317842,3366850,950992,8702586933,6686319692,2016267241,715173,173800,541373,77.97529414,76.83140362,24.30181229
2019,20628507,13441022,7187485,19851997107,15587127014,4264870093,6699711,2025783,4673928,65.15751237,78.51666978,30.23687141
2020,41190446,18689557,22500889,41135235485,20084568756,21050666729,14616678,3264323,11352355,45.37352424,48.82570507,22.33286524
2021,42401371,20597664,21803707,50365081755,25955875578,24409206177,13208799,3627056,9581743,48.57782547,51.53545805,27.45939279
2022,47649749,23999582,23650167,72718986864,36661025294,36057961570,17292272,3702527,13589745,50.36664936,50.41465355,21.41145478
2023,67911658,27837346,40074312,1.07653E+11,42487725509,65165178521,26866820,4541276,22325544,40.99052625,39.46732872,16.90291594
2024,81892378,26316839,55575539,1.28769E+11,40065723712,88702822632,32155997,3394839,28761158,32.13588327,31.11452668,10.55740551
2025,97884423,22955259,74929164,1.8201E+11,37850988379,1.44159E+11,37441005,1794478,35646527,23.45139124,20.79610536,4.792814723
2026,11527247,1602984,9924263,22035216563,2978920858,19056295705,1060254,21577,1038677,13.90604365,13.51890892,2.035078387
